prefix_length,R-Precision
1,0.047803115413469
5,0.05797843975379366
10,0.058067719534940644
15,0.051476225496338096
20,0.043795714718518716
25,0.02963815042035823
