prefix_length,R-Precision
1,0.04225714887970338
5,0.054971417054923324
10,0.05356395440954852
15,0.04618619233905812
20,0.03676685132888438
25,0.0244007043853663
